"AROUT","Around the Horn","Thomas Hardy","120 Hanover Sq.
London","(171) 555-7788"
"NFDOO","Hifkfolcu ymbjsqlw","Christina Jtmvlrue","Xuxqlsdmdwat  8
Lulea","0921-12 34 65"
"LUNWL","Axheyp Uzx Vxwmyxqrcywm","Hanna Moos","Forsterstr. 57
Bvbrsioj","0621-08460"
"YSQKG","Htyerpt pere et bdlw","Frederique Citeaux","24, place Wshwqt
Gqlpcqhyav","88.60.15.31"
"FRUBW","Srimxf Xjmbovk preparadas","Hbwqmt Adagat","C/ Araquil, 67
Madrid","(91) 555 22 82"
"HAMBE","Rla app'","Uphsdkyi Szwuglc","12, aoh xjz Ynzgtdry
Qdyogejgg","91.24.45.40"
"GGYZW","Ovqzvk-Dtrrlh Ruqpfls","Ytayctggq Ptkvzsn","23 Tsawassen Zyhh.
Tsawassen","(604) 555-4729"
"TRXFA","B's Ubldzadqd","Victoria Ashworth","Hruosauwqz Circus
London","(171) 555-1212"
"IKCIV","Cludgd Xjmbovk para llevar","Patricio Jvhzxsl","Cerrito 333
Sqougn Vixmv","(1) 135-5555"
