500px	fab-500px
address-book	fas-address-book
address-book-o	far-address-book
address-card	fas-address-card
address-card-o	far-address-card
adjust	fas-adjust
adn	fab-adn
align-center	fas-align-center
align-justify	fas-align-justify
align-left	fas-align-left
align-right	fas-align-right
amazon	fab-amazon
ambulance	fas-ambulance
american-sign-language-interpreting	fas-american-sign-language-interpreting
anchor	fas-anchor
android	fab-android
angellist	fab-angellist
angle-double-down	fas-angle-double-down
angle-double-left	fas-angle-double-left
angle-double-right	fas-angle-double-right
angle-double-up	fas-angle-double-up
angle-down	fas-angle-down
angle-left	fas-angle-left
angle-right	fas-angle-right
angle-up	fas-angle-up
apple	fab-apple
archive	fas-archive
area-chart	fas-chart-area
arrow-circle-down	fas-arrow-circle-down
arrow-circle-left	fas-arrow-circle-left
arrow-circle-o-down	far-arrow-alt-circle-down
arrow-circle-o-left	far-arrow-alt-circle-left
arrow-circle-o-right	far-arrow-alt-circle-right
arrow-circle-o-up	far-arrow-alt-circle-up
arrow-circle-right	fas-arrow-circle-right
arrow-circle-up	fas-arrow-circle-up
arrow-down	fas-arrow-down
arrow-left	fas-arrow-left
arrow-right	fas-arrow-right
arrow-up	fas-arrow-up
arrows	fas-arrows-alt
arrows-alt	fas-expand-arrows-alt
arrows-h	fas-arrows-alt-h
arrows-v	fas-arrows-alt-v
asl-interpreting	fas-american-sign-language-interpreting
assistive-listening-systems	fas-assistive-listening-systems
asterisk	fas-asterisk
at	fas-at
audio-description	fas-audio-description
automobile	fas-car
backward	fas-backward
balance-scale	fas-balance-scale
ban	fas-ban
bandcamp	fab-bandcamp
bank	fas-university
bar-chart	far-chart-bar
bar-chart-o	far-chart-bar
barcode	fas-barcode
bars	fas-bars
bath	fas-bath
bathtub	fas-bath
battery	fas-battery-full
battery-0	fas-battery-empty
battery-1	fas-battery-quarter
battery-2	fas-battery-half
battery-3	fas-battery-three-quarters
battery-4	fas-battery-full
battery-empty	fas-battery-empty
battery-full	fas-battery-full
battery-half	fas-battery-half
battery-quarter	fas-battery-quarter
battery-three-quarters	fas-battery-three-quarters
bed	fas-bed
beer	fas-beer
behance	fab-behance
behance-square	fab-behance-square
bell	fas-bell
bell-o	far-bell
bell-slash	fas-bell-slash
bell-slash-o	far-bell-slash
bicycle	fas-bicycle
binoculars	fas-binoculars
birthday-cake	fas-birthday-cake
bitbucket	fab-bitbucket
bitbucket-square	fab-bitbucket
bitcoin	fab-btc
black-tie	fab-black-tie
blind	fas-blind
bluetooth	fab-bluetooth
bluetooth-b	fab-bluetooth-b
bold	fas-bold
bolt	fas-bolt
bomb	fas-bomb
book	fas-book
bookmark	fas-bookmark
bookmark-o	far-bookmark
braille	fas-braille
briefcase	fas-briefcase
btc	fab-btc
bug	fas-bug
building	fas-building
building-o	far-building
bullhorn	fas-bullhorn
bullseye	fas-bullseye
bus	fas-bus
buysellads	fab-buysellads
cab	fas-taxi
calculator	fas-calculator
calendar	fas-calendar-alt
calendar-check-o	far-calendar-check
calendar-minus-o	far-calendar-minus
calendar-o	far-calendar
calendar-plus-o	far-calendar-plus
calendar-times-o	far-calendar-times
camera	fas-camera
camera-retro	fas-camera-retro
car	fas-car
caret-down	fas-caret-down
caret-left	fas-caret-left
caret-right	fas-caret-right
caret-square-o-down	far-caret-square-down
caret-square-o-left	far-caret-square-left
caret-square-o-right	far-caret-square-right
caret-square-o-up	far-caret-square-up
caret-up	fas-caret-up
cart-arrow-down	fas-cart-arrow-down
cart-plus	fas-cart-plus
cc	far-closed-captioning
cc-amex	fab-cc-amex
cc-diners-club	fab-cc-diners-club
cc-discover	fab-cc-discover
cc-jcb	fab-cc-jcb
cc-mastercard	fab-cc-mastercard
cc-paypal	fab-cc-paypal
cc-stripe	fab-cc-stripe
cc-visa	fab-cc-visa
certificate	fas-certificate
chain	fas-link
chain-broken	fas-unlink
check	fas-check
check-circle	fas-check-circle
check-circle-o	far-check-circle
check-square	fas-check-square
check-square-o	far-check-square
chevron-circle-down	fas-chevron-circle-down
chevron-circle-left	fas-chevron-circle-left
chevron-circle-right	fas-chevron-circle-right
chevron-circle-up	fas-chevron-circle-up
chevron-down	fas-chevron-down
chevron-left	fas-chevron-left
chevron-right	fas-chevron-right
chevron-up	fas-chevron-up
child	fas-child
chrome	fab-chrome
circle	fas-circle
circle-o	far-circle
circle-o-notch	fas-circle-notch
circle-thin	far-circle
clipboard	far-clipboard
clock-o	far-clock
clone	far-clone
close	fas-times
cloud	fas-cloud
cloud-download	fas-cloud-download-alt
cloud-upload	fas-cloud-upload-alt
cny	fas-yen-sign
code	fas-code
code-fork	fas-code-branch
codepen	fab-codepen
codiepie	fab-codiepie
coffee	fas-coffee
cog	fas-cog
cogs	fas-cogs
columns	fas-columns
comment	fas-comment
comment-o	far-comment
commenting	fas-comment-dots
commenting-o	far-comment-dots
comments	fas-comments
comments-o	far-comments
compass	far-compass
compress	fas-compress-alt
connectdevelop	fab-connectdevelop
contao	fab-contao
copy	fas-copy
copyright	far-copyright
creative-commons	fab-creative-commons
credit-card	far-credit-card
credit-card-alt	fas-credit-card
crop	fas-crop
crosshairs	fas-crosshairs
css3	fab-css3
cube	fas-cube
cubes	fas-cubes
cut	fas-cut
cutlery	fas-utensils
dashboard	fas-tachometer-alt
dashcube	fab-dashcube
database	fas-database
deaf	fas-deaf
deafness	fas-deaf
dedent	fas-outdent
delicious	fab-delicious
desktop	fas-desktop
deviantart	fab-deviantart
diamond	far-gem
digg	fab-digg
dollar	fas-dollar-sign
dot-circle-o	far-dot-circle
download	fas-download
dribbble	fab-dribbble
drivers-license	fas-id-card
drivers-license-o	far-id-card
dropbox	fab-dropbox
drupal	fab-drupal
edge	fab-edge
edit	fas-edit
eercast	fab-sellcast
eject	fas-eject
ellipsis-h	fas-ellipsis-h
ellipsis-v	fas-ellipsis-v
empire	fab-empire
envelope	fas-envelope
envelope-o	far-envelope
envelope-open	fas-envelope-open
envelope-open-o	far-envelope-open
envelope-square	fas-envelope-square
envira	fab-envira
eraser	fas-eraser
etsy	fab-etsy
eur	fas-euro-sign
euro	fas-euro-sign
exchange	fas-exchange-alt
exclamation	fas-exclamation
exclamation-circle	fas-exclamation-circle
exclamation-triangle	fas-exclamation-triangle
expand	fas-expand-alt
expeditedssl	fab-expeditedssl
external-link	fas-external-link-alt
external-link-square	fas-external-link-square-alt
eye	far-eye
eye-slash	far-eye-slash
eyedropper	fas-eye-dropper
fa	fab-font-awesome
facebook	fab-facebook-f
facebook-f	fab-facebook-f
facebook-official	fab-facebook
facebook-square	fab-facebook-square
fast-backward	fas-fast-backward
fast-forward	fas-fast-forward
fax	fas-fax
feed	fas-rss
female	fas-female
fighter-jet	fas-fighter-jet
file	fas-file
file-archive-o	far-file-archive
file-audio-o	far-file-audio
file-code-o	far-file-code
file-excel-o	far-file-excel
file-image-o	far-file-image
file-movie-o	far-file-video
file-o	far-file
file-pdf-o	far-file-pdf
file-photo-o	far-file-image
file-picture-o	far-file-image
file-powerpoint-o	far-file-powerpoint
file-sound-o	far-file-audio
file-text	fas-file-alt
file-text-o	far-file-alt
file-video-o	far-file-video
file-word-o	far-file-word
file-zip-o	far-file-archive
files-o	far-copy
film	fas-film
filter	fas-filter
fire	fas-fire
fire-extinguisher	fas-fire-extinguisher
firefox	fab-firefox
first-order	fab-first-order
flag	fas-flag
flag-checkered	fas-flag-checkered
flag-o	far-flag
flash	fas-bolt
flask	fas-flask
flickr	fab-flickr
floppy-o	far-save
folder	fas-folder
folder-o	far-folder
folder-open	fas-folder-open
folder-open-o	far-folder-open
font	fas-font
font-awesome	fab-font-awesome
fonticons	fab-fonticons
fort-awesome	fab-fort-awesome
forumbee	fab-forumbee
forward	fas-forward
foursquare	fab-foursquare
free-code-camp	fab-free-code-camp
frown-o	far-frown
futbol-o	far-futbol
gamepad	fas-gamepad
gavel	fas-gavel
gbp	fas-pound-sign
ge	fab-empire
gear	fas-cog
gears	fas-cogs
genderless	fas-genderless
get-pocket	fab-get-pocket
gg	fab-gg
gg-circle	fab-gg-circle
gift	fas-gift
git	fab-git
git-square	fab-git-square
github	fab-github
github-alt	fab-github-alt
github-square	fab-github-square
gitlab	fab-gitlab
gittip	fab-gratipay
glass	fas-glass-martini
glide	fab-glide
glide-g	fab-glide-g
globe	fas-globe
google	fab-google
google-plus	fab-google-plus-g
google-plus-circle	fab-google-plus
google-plus-official	fab-google-plus
google-plus-square	fab-google-plus-square
google-wallet	fab-google-wallet
graduation-cap	fas-graduation-cap
gratipay	fab-gratipay
grav	fab-grav
group	fas-users
h-square	fas-h-square
hacker-news	fab-hacker-news
hand-grab-o	far-hand-rock
hand-lizard-o	far-hand-lizard
hand-o-down	far-hand-point-down
hand-o-left	far-hand-point-left
hand-o-right	far-hand-point-right
hand-o-up	far-hand-point-up
hand-paper-o	far-hand-paper
hand-peace-o	far-hand-peace
hand-pointer-o	far-hand-pointer
hand-rock-o	far-hand-rock
hand-scissors-o	far-hand-scissors
hand-spock-o	far-hand-spock
hand-stop-o	far-hand-paper
handshake-o	far-handshake
hard-of-hearing	fas-deaf
hashtag	fas-hashtag
hdd-o	far-hdd
header	fas-heading
headphones	fas-headphones
heart	fas-heart
heart-o	far-heart
heartbeat	fas-heartbeat
history	fas-history
home	fas-home
hospital-o	far-hospital
hotel	fas-bed
hourglass	fas-hourglass
hourglass-1	fas-hourglass-start
hourglass-2	fas-hourglass-half
hourglass-3	fas-hourglass-end
hourglass-end	fas-hourglass-end
hourglass-half	fas-hourglass-half
hourglass-o	far-hourglass
hourglass-start	fas-hourglass-start
houzz	fab-houzz
html5	fab-html5
i-cursor	fas-i-cursor
id-badge	far-id-badge
id-card	fas-id-card
id-card-o	far-id-card
ils	fas-shekel-sign
image	far-image
imdb	fab-imdb
inbox	fas-inbox
indent	fas-indent
industry	fas-industry
info	fas-info
info-circle	fas-info-circle
inr	fas-rupee-sign
instagram	fab-instagram
institution	fas-university
internet-explorer	fab-internet-explorer
intersex	fas-transgender
ioxhost	fab-ioxhost
italic	fas-italic
joomla	fab-joomla
jpy	fas-yen-sign
jsfiddle	fab-jsfiddle
key	fas-key
keyboard-o	far-keyboard
krw	fas-won-sign
language	fas-language
laptop	fas-laptop
lastfm	fab-lastfm
lastfm-square	fab-lastfm-square
leaf	fas-leaf
leanpub	fab-leanpub
legal	fas-gavel
lemon-o	far-lemon
level-down	fas-level-down-alt
level-up	fas-level-up-alt
life-bouy	far-life-ring
life-buoy	far-life-ring
life-ring	far-life-ring
life-saver	far-life-ring
lightbulb-o	far-lightbulb
line-chart	fas-chart-line
link	fas-link
linkedin	fab-linkedin-in
linkedin-square	fab-linkedin
linode	fab-linode
linux	fab-linux
list	fas-list
list-alt	far-list-alt
list-ol	fas-list-ol
list-ul	fas-list-ul
location-arrow	fas-location-arrow
lock	fas-lock
long-arrow-down	fas-long-arrow-alt-down
long-arrow-left	fas-long-arrow-alt-left
long-arrow-right	fas-long-arrow-alt-right
long-arrow-up	fas-long-arrow-alt-up
low-vision	fas-low-vision
magic	fas-magic
magnet	fas-magnet
mail-forward	fas-share
mail-reply	fas-reply
mail-reply-all	fas-reply-all
male	fas-male
map	fas-map
map-marker	fas-map-marker-alt
map-o	far-map
map-pin	fas-map-pin
map-signs	fas-map-signs
mars	fas-mars
mars-double	fas-mars-double
mars-stroke	fas-mars-stroke
mars-stroke-h	fas-mars-stroke-h
mars-stroke-v	fas-mars-stroke-v
maxcdn	fab-maxcdn
meanpath	fab-font-awesome
medium	fab-medium
medkit	fas-medkit
meetup	fab-meetup
meh-o	far-meh
mercury	fas-mercury
microchip	fas-microchip
microphone	fas-microphone
microphone-slash	fas-microphone-slash
minus	fas-minus
minus-circle	fas-minus-circle
minus-square	fas-minus-square
minus-square-o	far-minus-square
mixcloud	fab-mixcloud
mobile	fas-mobile-alt
mobile-phone	fas-mobile-alt
modx	fab-modx
money	far-money-bill-alt
moon-o	far-moon
mortar-board	fas-graduation-cap
motorcycle	fas-motorcycle
mouse-pointer	fas-mouse-pointer
music	fas-music
navicon	fas-bars
neuter	fas-neuter
newspaper-o	far-newspaper
object-group	far-object-group
object-ungroup	far-object-ungroup
odnoklassniki	fab-odnoklassniki
odnoklassniki-square	fab-odnoklassniki-square
opencart	fab-opencart
openid	fab-openid
opera	fab-opera
optin-monster	fab-optin-monster
outdent	fas-outdent
pagelines	fab-pagelines
paint-brush	fas-paint-brush
paper-plane	fas-paper-plane
paper-plane-o	far-paper-plane
paperclip	fas-paperclip
paragraph	fas-paragraph
paste	far-clipboard
pause	fas-pause
pause-circle	fas-pause-circle
pause-circle-o	far-pause-circle
paw	fas-paw
paypal	fab-paypal
pencil	fas-pencil-alt
pencil-square	fas-pen-square
pencil-square-o	far-edit
percent	fas-percent
phone	fas-phone
phone-square	fas-phone-square
photo	far-image
picture-o	far-image
pie-chart	fas-chart-pie
pied-piper	fab-pied-piper
pied-piper-alt	fab-pied-piper-alt
pied-piper-pp	fab-pied-piper-pp
pinterest	fab-pinterest
pinterest-p	fab-pinterest-p
pinterest-square	fab-pinterest-square
plane	fas-plane
play	fas-play
play-circle	fas-play-circle
play-circle-o	far-play-circle
plug	fas-plug
plus	fas-plus
plus-circle	fas-plus-circle
plus-square	fas-plus-square
plus-square-o	far-plus-square
podcast	fas-podcast
power-off	fas-power-off
print	fas-print
product-hunt	fab-product-hunt
puzzle-piece	fas-puzzle-piece
qq	fab-qq
qrcode	fas-qrcode
question	fas-question
question-circle	fas-question-circle
question-circle-o	far-question-circle
quora	fab-quora
quote-left	fas-quote-left
quote-right	fas-quote-right
ra	fab-rebel
random	fas-random
ravelry	fab-ravelry
rebel	fab-rebel
recycle	fas-recycle
reddit	fab-reddit
reddit-alien	fab-reddit-alien
reddit-square	fab-reddit-square
refresh	fas-sync
registered	far-registered
remove	fas-times
renren	fab-renren
reorder	fas-bars
repeat	fas-redo
reply	fas-reply
reply-all	fas-reply-all
resistance	fab-rebel
retweet	fas-retweet
rmb	fas-yen-sign
road	fas-road
rocket	fas-rocket
rotate-left	fas-undo
rotate-right	fas-redo
rouble	fas-ruble-sign
rss	fas-rss
rss-square	fas-rss-square
rub	fas-ruble-sign
ruble	fas-ruble-sign
rupee	fas-rupee-sign
s15	fas-bath
safari	fab-safari
save	fas-save
scissors	fas-cut
scribd	fab-scribd
search	fas-search
search-minus	fas-search-minus
search-plus	fas-search-plus
sellsy	fab-sellsy
send	fas-paper-plane
send-o	far-paper-plane
server	fas-server
share	fas-share
share-alt	fas-share-alt
share-alt-square	fas-share-alt-square
share-square	fas-share-square
share-square-o	far-share-square
shekel	fas-shekel-sign
sheqel	fas-shekel-sign
shield	fas-shield-alt
ship	fas-ship
shirtsinbulk	fab-shirtsinbulk
shopping-bag	fas-shopping-bag
shopping-basket	fas-shopping-basket
shopping-cart	fas-shopping-cart
shower	fas-shower
sign-in	fas-sign-in-alt
sign-language	fas-sign-language
sign-out	fas-sign-out-alt
signal	fas-signal
signing	fas-sign-language
simplybuilt	fab-simplybuilt
sitemap	fas-sitemap
skyatlas	fab-skyatlas
skype	fab-skype
slack	fab-slack
sliders	fas-sliders-h
slideshare	fab-slideshare
smile-o	far-smile
snapchat	fab-snapchat
snapchat-ghost	fab-snapchat-ghost
snapchat-square	fab-snapchat-square
snowflake-o	far-snowflake
soccer-ball-o	far-futbol
sort	fas-sort
sort-alpha-asc	fas-sort-alpha-down
sort-alpha-desc	fas-sort-alpha-down-alt
sort-amount-asc	fas-sort-amount-down
sort-amount-desc	fas-sort-amount-down-alt
sort-asc	fas-sort-up
sort-desc	fas-sort-down
sort-down	fas-sort-down
sort-numeric-asc	fas-sort-numeric-down
sort-numeric-desc	fas-sort-numeric-down-alt
sort-up	fas-sort-up
soundcloud	fab-soundcloud
space-shuttle	fas-space-shuttle
spinner	fas-spinner
spoon	fas-utensil-spoon
spotify	fab-spotify
square	fas-square
square-o	far-square
stack-exchange	fab-stack-exchange
stack-overflow	fab-stack-overflow
star	fas-star
star-half	fas-star-half
star-half-empty	far-star-half
star-half-full	far-star-half
star-half-o	far-star-half
star-o	far-star
steam	fab-steam
steam-square	fab-steam-square
step-backward	fas-step-backward
step-forward	fas-step-forward
stethoscope	fas-stethoscope
sticky-note	fas-sticky-note
sticky-note-o	far-sticky-note
stop	fas-stop
stop-circle	fas-stop-circle
stop-circle-o	far-stop-circle
street-view	fas-street-view
strikethrough	fas-strikethrough
stumbleupon	fab-stumbleupon
stumbleupon-circle	fab-stumbleupon-circle
subscript	fas-subscript
subway	fas-subway
suitcase	fas-suitcase
sun-o	far-sun
superpowers	fab-superpowers
superscript	fas-superscript
support	far-life-ring
table	fas-table
tablet	fas-tablet-alt
tachometer	fas-tachometer-alt
tag	fas-tag
tags	fas-tags
tasks	fas-tasks
taxi	fas-taxi
telegram	fab-telegram
television	fas-tv
tencent-weibo	fab-tencent-weibo
terminal	fas-terminal
text-height	fas-text-height
text-width	fas-text-width
th	fas-th
th-large	fas-th-large
th-list	fas-th-list
themeisle	fab-themeisle
thermometer	fas-thermometer-full
thermometer-0	fas-thermometer-empty
thermometer-1	fas-thermometer-quarter
thermometer-2	fas-thermometer-half
thermometer-3	fas-thermometer-three-quarters
thermometer-4	fas-thermometer-full
thermometer-empty	fas-thermometer-empty
thermometer-full	fas-thermometer-full
thermometer-half	fas-thermometer-half
thermometer-quarter	fas-thermometer-quarter
thermometer-three-quarters	fas-thermometer-three-quarters
thumb-tack	fas-thumbtack
thumbs-down	fas-thumbs-down
thumbs-o-down	far-thumbs-down
thumbs-o-up	far-thumbs-up
thumbs-up	fas-thumbs-up
ticket	fas-ticket-alt
times	fas-times
times-circle	fas-times-circle
times-circle-o	far-times-circle
times-rectangle	fas-window-close
times-rectangle-o	far-window-close
tint	fas-tint
toggle-down	far-caret-square-down
toggle-left	far-caret-square-left
toggle-off	fas-toggle-off
toggle-on	fas-toggle-on
toggle-right	far-caret-square-right
toggle-up	far-caret-square-up
trademark	fas-trademark
train	fas-train
transgender	fas-transgender
transgender-alt	fas-transgender-alt
trash	fas-trash-alt
trash-o	far-trash-alt
tree	fas-tree
trello	fab-trello
tripadvisor	fab-tripadvisor
trophy	fas-trophy
truck	fas-truck
try	fas-lira-sign
tty	fas-tty
tumblr	fab-tumblr
tumblr-square	fab-tumblr-square
turkish-lira	fas-lira-sign
tv	fas-tv
twitch	fab-twitch
twitter	fab-twitter
twitter-square	fab-twitter-square
umbrella	fas-umbrella
underline	fas-underline
undo	fas-undo
universal-access	fas-universal-access
university	fas-university
unlink	fas-unlink
unlock	fas-unlock
unlock-alt	fas-unlock-alt
unsorted	fas-sort
upload	fas-upload
usb	fab-usb
usd	fas-dollar-sign
user	fas-user
user-circle	fas-user-circle
user-circle-o	far-user-circle
user-md	fas-user-md
user-o	far-user
user-plus	fas-user-plus
user-secret	fas-user-secret
user-times	fas-user-times
users	fas-users
vcard	fas-address-card
vcard-o	far-address-card
venus	fas-venus
venus-double	fas-venus-double
venus-mars	fas-venus-mars
viacoin	fab-viacoin
viadeo	fab-viadeo
viadeo-square	fab-viadeo-square
video-camera	fas-video
vimeo	fab-vimeo-v
vimeo-square	fab-vimeo-square
vine	fab-vine
vk	fab-vk
volume-control-phone	fas-phone-volume
volume-down	fas-volume-down
volume-off	fas-volume-off
volume-up	fas-volume-up
warning	fas-exclamation-triangle
wechat	fab-weixin
weibo	fab-weibo
weixin	fab-weixin
whatsapp	fab-whatsapp
wheelchair	fas-wheelchair
wheelchair-alt	fab-accessible-icon
wifi	fas-wifi
wikipedia-w	fab-wikipedia-w
window-close	fas-window-close
window-close-o	far-window-close
window-maximize	far-window-maximize
window-minimize	fas-window-minimize
window-restore	far-window-restore
windows	fab-windows
won	fas-won-sign
wordpress	fab-wordpress
wpbeginner	fab-wpbeginner
wpexplorer	fab-wpexplorer
wpforms	fab-wpforms
wrench	fas-wrench
xing	fab-xing
xing-square	fab-xing-square
y-combinator	fab-y-combinator
y-combinator-square	fab-hacker-news
yahoo	fab-yahoo
yc	fab-y-combinator
yc-square	fab-hacker-news
yelp	fab-yelp
yen	fas-yen-sign
yoast	fab-yoast
youtube	fab-youtube
youtube-play	fab-youtube
youtube-square	fab-youtube-square
