icon	0	30
icon	1	31
icon	2	32
icon	3	33
icon	4	34
icon	5	35
icon	6	36
icon	7	37
icon	8	38
icon	9	39
icon	42-group	e080
icon	500px	f26e
icon	a	41
icon	accessible-icon	f368
icon	accusoft	f369
icon	address-book	f2b9
icon	address-card	f2bb
icon	adn	f170
icon	adversal	f36a
icon	affiliatetheme	f36b
icon	airbnb	f834
icon	algolia	f36c
icon	align-center	f037
icon	align-justify	f039
icon	align-left	f036
icon	align-right	f038
icon	alipay	f642
icon	amazon	f270
icon	amazon-pay	f42c
icon	amilia	f36d
icon	anchor	f13d
icon	anchor-circle-check	e4aa
icon	anchor-circle-exclamation	e4ab
icon	anchor-circle-xmark	e4ac
icon	anchor-lock	e4ad
icon	android	f17b
icon	angellist	f209
icon	angle-down	f107
icon	angle-left	f104
icon	angle-right	f105
icon	angle-up	f106
icon	angles-down	f103
icon	angles-left	f100
icon	angles-right	f101
icon	angles-up	f102
icon	angrycreative	f36e
icon	angular	f420
icon	ankh	f644
icon	app-store	f36f
icon	app-store-ios	f370
icon	apper	f371
icon	apple	f179
icon	apple-pay	f415
icon	apple-whole	f5d1
icon	archway	f557
icon	arrow-down	f063
icon	arrow-down-1-9	f162
icon	arrow-down-9-1	f886
icon	arrow-down-a-z	f15d
icon	arrow-down-long	f175
icon	arrow-down-short-wide	f884
icon	arrow-down-up-across-line	e4af
icon	arrow-down-up-lock	e4b0
icon	arrow-down-wide-short	f160
icon	arrow-down-z-a	f881
icon	arrow-left	f060
icon	arrow-left-long	f177
icon	arrow-pointer	f245
icon	arrow-right	f061
icon	arrow-right-arrow-left	f0ec
icon	arrow-right-from-bracket	f08b
icon	arrow-right-long	f178
icon	arrow-right-to-bracket	f090
icon	arrow-right-to-city	e4b3
icon	arrow-rotate-left	f0e2
icon	arrow-rotate-right	f01e
icon	arrow-trend-down	e097
icon	arrow-trend-up	e098
icon	arrow-turn-down	f149
icon	arrow-turn-up	f148
icon	arrow-up	f062
icon	arrow-up-1-9	f163
icon	arrow-up-9-1	f887
icon	arrow-up-a-z	f15e
icon	arrow-up-from-bracket	e09a
icon	arrow-up-from-ground-water	e4b5
icon	arrow-up-from-water-pump	e4b6
icon	arrow-up-long	f176
icon	arrow-up-right-dots	e4b7
icon	arrow-up-right-from-square	f08e
icon	arrow-up-short-wide	f885
icon	arrow-up-wide-short	f161
icon	arrow-up-z-a	f882
icon	arrows-down-to-line	e4b8
icon	arrows-down-to-people	e4b9
icon	arrows-left-right	f07e
icon	arrows-left-right-to-line	e4ba
icon	arrows-rotate	f021
icon	arrows-spin	e4bb
icon	arrows-split-up-and-left	e4bc
icon	arrows-to-circle	e4bd
icon	arrows-to-dot	e4be
icon	arrows-to-eye	e4bf
icon	arrows-turn-right	e4c0
icon	arrows-turn-to-dots	e4c1
icon	arrows-up-down	f07d
icon	arrows-up-down-left-right	f047
icon	arrows-up-to-line	e4c2
icon	artstation	f77a
icon	asterisk	2a
icon	asymmetrik	f372
icon	at	40
icon	atlassian	f77b
icon	atom	f5d2
icon	audible	f373
icon	audio-description	f29e
icon	austral-sign	e0a9
icon	autoprefixer	f41c
icon	avianex	f374
icon	aviato	f421
icon	award	f559
icon	aws	f375
icon	b	42
icon	baby	f77c
icon	baby-carriage	f77d
icon	backward	f04a
icon	backward-fast	f049
icon	backward-step	f048
icon	bacon	f7e5
icon	bacteria	e059
icon	bacterium	e05a
icon	bag-shopping	f290
icon	bahai	f666
icon	baht-sign	e0ac
icon	ban	f05e
icon	ban-smoking	f54d
icon	bandage	f462
icon	bandcamp	f2d5
icon	bangladeshi-taka-sign	e2e6
icon	barcode	f02a
icon	bars	f0c9
icon	bars-progress	f828
icon	bars-staggered	f550
icon	baseball	f433
icon	baseball-bat-ball	f432
icon	basket-shopping	f291
icon	basketball	f434
icon	bath	f2cd
icon	battery-empty	f244
icon	battery-full	f240
icon	battery-half	f242
icon	battery-quarter	f243
icon	battery-three-quarters	f241
icon	battle-net	f835
icon	bed	f236
icon	bed-pulse	f487
icon	beer-mug-empty	f0fc
icon	behance	f1b4
icon	bell	f0f3
icon	bell-concierge	f562
icon	bell-slash	f1f6
icon	bezier-curve	f55b
icon	bicycle	f206
icon	bilibili	e3d9
icon	bimobject	f378
icon	binoculars	f1e5
icon	biohazard	f780
icon	bitbucket	f171
icon	bitcoin	f379
icon	bitcoin-sign	e0b4
icon	bity	f37a
icon	black-tie	f27e
icon	blackberry	f37b
icon	blender	f517
icon	blender-phone	f6b6
icon	blog	f781
icon	blogger	f37c
icon	blogger-b	f37d
icon	bluesky	e671
icon	bluetooth	f293
icon	bluetooth-b	f294
icon	bold	f032
icon	bolt	f0e7
icon	bolt-lightning	e0b7
icon	bomb	f1e2
icon	bone	f5d7
icon	bong	f55c
icon	book	f02d
icon	book-atlas	f558
icon	book-bible	f647
icon	book-bookmark	e0bb
icon	book-journal-whills	f66a
icon	book-medical	f7e6
icon	book-open	f518
icon	book-open-reader	f5da
icon	book-quran	f687
icon	book-skull	f6b7
icon	book-tanakh	f827
icon	bookmark	f02e
icon	bootstrap	f836
icon	border-all	f84c
icon	border-none	f850
icon	border-top-left	f853
icon	bore-hole	e4c3
icon	bots	e340
icon	bottle-droplet	e4c4
icon	bottle-water	e4c5
icon	bowl-food	e4c6
icon	bowl-rice	e2eb
icon	bowling-ball	f436
icon	box	f466
icon	box-archive	f187
icon	box-open	f49e
icon	box-tissue	e05b
icon	boxes-packing	e4c7
icon	boxes-stacked	f468
icon	braille	f2a1
icon	brain	f5dc
icon	brave	e63c
icon	brave-reverse	e63d
icon	brazilian-real-sign	e46c
icon	bread-slice	f7ec
icon	bridge	e4c8
icon	bridge-circle-check	e4c9
icon	bridge-circle-exclamation	e4ca
icon	bridge-circle-xmark	e4cb
icon	bridge-lock	e4cc
icon	bridge-water	e4ce
icon	briefcase	f0b1
icon	briefcase-medical	f469
icon	broom	f51a
icon	broom-ball	f458
icon	brush	f55d
icon	btc	f15a
icon	bucket	e4cf
icon	buffer	f837
icon	bug	f188
icon	bug-slash	e490
icon	bugs	e4d0
icon	building	f1ad
icon	building-circle-arrow-right	e4d1
icon	building-circle-check	e4d2
icon	building-circle-exclamation	e4d3
icon	building-circle-xmark	e4d4
icon	building-columns	f19c
icon	building-flag	e4d5
icon	building-lock	e4d6
icon	building-ngo	e4d7
icon	building-shield	e4d8
icon	building-un	e4d9
icon	building-user	e4da
icon	building-wheat	e4db
icon	bullhorn	f0a1
icon	bullseye	f140
icon	burger	f805
icon	buromobelexperte	f37f
icon	burst	e4dc
icon	bus	f207
icon	bus-simple	f55e
icon	business-time	f64a
icon	buy-n-large	f8a6
icon	buysellads	f20d
icon	c	43
icon	cable-car	f7da
icon	cake-candles	f1fd
icon	calculator	f1ec
icon	calendar	f133
icon	calendar-check	f274
icon	calendar-day	f783
icon	calendar-days	f073
icon	calendar-minus	f272
icon	calendar-plus	f271
icon	calendar-week	f784
icon	calendar-xmark	f273
icon	camera	f030
icon	camera-retro	f083
icon	camera-rotate	e0d8
icon	campground	f6bb
icon	canadian-maple-leaf	f785
icon	candy-cane	f786
icon	cannabis	f55f
icon	capsules	f46b
icon	car	f1b9
icon	car-battery	f5df
icon	car-burst	f5e1
icon	car-on	e4dd
icon	car-rear	f5de
icon	car-side	f5e4
icon	car-tunnel	e4de
icon	caravan	f8ff
icon	caret-down	f0d7
icon	caret-left	f0d9
icon	caret-right	f0da
icon	caret-up	f0d8
icon	carrot	f787
icon	cart-arrow-down	f218
icon	cart-flatbed	f474
icon	cart-flatbed-suitcase	f59d
icon	cart-plus	f217
icon	cart-shopping	f07a
icon	cash-register	f788
icon	cat	f6be
icon	cc-amazon-pay	f42d
icon	cc-amex	f1f3
icon	cc-apple-pay	f416
icon	cc-diners-club	f24c
icon	cc-discover	f1f2
icon	cc-jcb	f24b
icon	cc-mastercard	f1f1
icon	cc-paypal	f1f4
icon	cc-stripe	f1f5
icon	cc-visa	f1f0
icon	cedi-sign	e0df
icon	cent-sign	e3f5
icon	centercode	f380
icon	centos	f789
icon	certificate	f0a3
icon	chair	f6c0
icon	chalkboard	f51b
icon	chalkboard-user	f51c
icon	champagne-glasses	f79f
icon	charging-station	f5e7
icon	chart-area	f1fe
icon	chart-bar	f080
icon	chart-column	e0e3
icon	chart-gantt	e0e4
icon	chart-line	f201
icon	chart-pie	f200
icon	chart-simple	e473
icon	check	f00c
icon	check-double	f560
icon	check-to-slot	f772
icon	cheese	f7ef
icon	chess	f439
icon	chess-bishop	f43a
icon	chess-board	f43c
icon	chess-king	f43f
icon	chess-knight	f441
icon	chess-pawn	f443
icon	chess-queen	f445
icon	chess-rook	f447
icon	chevron-down	f078
icon	chevron-left	f053
icon	chevron-right	f054
icon	chevron-up	f077
icon	child	f1ae
icon	child-combatant	e4e0
icon	child-dress	e59c
icon	child-reaching	e59d
icon	children	e4e1
icon	chrome	f268
icon	chromecast	f838
icon	church	f51d
icon	circle	f111
icon	circle-arrow-down	f0ab
icon	circle-arrow-left	f0a8
icon	circle-arrow-right	f0a9
icon	circle-arrow-up	f0aa
icon	circle-check	f058
icon	circle-chevron-down	f13a
icon	circle-chevron-left	f137
icon	circle-chevron-right	f138
icon	circle-chevron-up	f139
icon	circle-dollar-to-slot	f4b9
icon	circle-dot	f192
icon	circle-down	f358
icon	circle-exclamation	f06a
icon	circle-h	f47e
icon	circle-half-stroke	f042
icon	circle-info	f05a
icon	circle-left	f359
icon	circle-minus	f056
icon	circle-nodes	e4e2
icon	circle-notch	f1ce
icon	circle-pause	f28b
icon	circle-play	f144
icon	circle-plus	f055
icon	circle-question	f059
icon	circle-radiation	f7ba
icon	circle-right	f35a
icon	circle-stop	f28d
icon	circle-up	f35b
icon	circle-user	f2bd
icon	circle-xmark	f057
icon	city	f64f
icon	clapperboard	e131
icon	clipboard	f328
icon	clipboard-check	f46c
icon	clipboard-list	f46d
icon	clipboard-question	e4e3
icon	clipboard-user	f7f3
icon	clock	f017
icon	clock-rotate-left	f1da
icon	clone	f24d
icon	closed-captioning	f20a
icon	cloud	f0c2
icon	cloud-arrow-down	f0ed
icon	cloud-arrow-up	f0ee
icon	cloud-bolt	f76c
icon	cloud-meatball	f73b
icon	cloud-moon	f6c3
icon	cloud-moon-rain	f73c
icon	cloud-rain	f73d
icon	cloud-showers-heavy	f740
icon	cloud-showers-water	e4e4
icon	cloud-sun	f6c4
icon	cloud-sun-rain	f743
icon	cloudflare	e07d
icon	cloudscale	f383
icon	cloudsmith	f384
icon	cloudversify	f385
icon	clover	e139
icon	cmplid	e360
icon	code	f121
icon	code-branch	f126
icon	code-commit	f386
icon	code-compare	e13a
icon	code-fork	e13b
icon	code-merge	f387
icon	code-pull-request	e13c
icon	codepen	f1cb
icon	codiepie	f284
icon	coins	f51e
icon	colon-sign	e140
icon	comment	f075
icon	comment-dollar	f651
icon	comment-dots	f4ad
icon	comment-medical	f7f5
icon	comment-slash	f4b3
icon	comment-sms	f7cd
icon	comments	f086
icon	comments-dollar	f653
icon	compact-disc	f51f
icon	compass	f14e
icon	compass-drafting	f568
icon	compress	f066
icon	computer	e4e5
icon	computer-mouse	f8cc
icon	confluence	f78d
icon	connectdevelop	f20e
icon	contao	f26d
icon	cookie	f563
icon	cookie-bite	f564
icon	copy	f0c5
icon	copyright	f1f9
icon	cotton-bureau	f89e
icon	couch	f4b8
icon	cow	f6c8
icon	cpanel	f388
icon	creative-commons	f25e
icon	creative-commons-by	f4e7
icon	creative-commons-nc	f4e8
icon	creative-commons-nc-eu	f4e9
icon	creative-commons-nc-jp	f4ea
icon	creative-commons-nd	f4eb
icon	creative-commons-pd	f4ec
icon	creative-commons-pd-alt	f4ed
icon	creative-commons-remix	f4ee
icon	creative-commons-sa	f4ef
icon	creative-commons-sampling	f4f0
icon	creative-commons-sampling-plus	f4f1
icon	creative-commons-share	f4f2
icon	creative-commons-zero	f4f3
icon	credit-card	f09d
icon	critical-role	f6c9
icon	crop	f125
icon	crop-simple	f565
icon	cross	f654
icon	crosshairs	f05b
icon	crow	f520
icon	crown	f521
icon	crutch	f7f7
icon	cruzeiro-sign	e152
icon	css3	f13c
icon	css3-alt	f38b
icon	cube	f1b2
icon	cubes	f1b3
icon	cubes-stacked	e4e6
icon	cuttlefish	f38c
icon	d	44
icon	d-and-d	f38d
icon	d-and-d-beyond	f6ca
icon	dailymotion	e052
icon	dart-lang	e693
icon	dashcube	f210
icon	database	f1c0
icon	debian	e60b
icon	deezer	e077
icon	delete-left	f55a
icon	delicious	f1a5
icon	democrat	f747
icon	deploydog	f38e
icon	deskpro	f38f
icon	desktop	f390
icon	dev	f6cc
icon	deviantart	f1bd
icon	dharmachakra	f655
icon	dhl	f790
icon	diagram-next	e476
icon	diagram-predecessor	e477
icon	diagram-project	f542
icon	diagram-successor	e47a
icon	diamond	f219
icon	diamond-turn-right	f5eb
icon	diaspora	f791
icon	dice	f522
icon	dice-d20	f6cf
icon	dice-d6	f6d1
icon	dice-five	f523
icon	dice-four	f524
icon	dice-one	f525
icon	dice-six	f526
icon	dice-three	f527
icon	dice-two	f528
icon	digg	f1a6
icon	digital-ocean	f391
icon	discord	f392
icon	discourse	f393
icon	disease	f7fa
icon	display	e163
icon	divide	f529
icon	dna	f471
icon	dochub	f394
icon	docker	f395
icon	dog	f6d3
icon	dollar-sign	24
icon	dolly	f472
icon	dong-sign	e169
icon	door-closed	f52a
icon	door-open	f52b
icon	dove	f4ba
icon	down-left-and-up-right-to-center	f422
icon	down-long	f309
icon	download	f019
icon	draft2digital	f396
icon	dragon	f6d5
icon	draw-polygon	f5ee
icon	dribbble	f17d
icon	dropbox	f16b
icon	droplet	f043
icon	droplet-slash	f5c7
icon	drum	f569
icon	drum-steelpan	f56a
icon	drumstick-bite	f6d7
icon	drupal	f1a9
icon	dumbbell	f44b
icon	dumpster	f793
icon	dumpster-fire	f794
icon	dungeon	f6d9
icon	dyalog	f399
icon	e	45
icon	ear-deaf	f2a4
icon	ear-listen	f2a2
icon	earlybirds	f39a
icon	earth-africa	f57c
icon	earth-americas	f57d
icon	earth-asia	f57e
icon	earth-europe	f7a2
icon	earth-oceania	e47b
icon	ebay	f4f4
icon	edge	f282
icon	edge-legacy	e078
icon	egg	f7fb
icon	eject	f052
icon	elementor	f430
icon	elevator	e16d
icon	ellipsis	f141
icon	ellipsis-vertical	f142
icon	ello	f5f1
icon	ember	f423
icon	empire	f1d1
icon	envelope	f0e0
icon	envelope-circle-check	e4e8
icon	envelope-open	f2b6
icon	envelope-open-text	f658
icon	envelopes-bulk	f674
icon	envira	f299
icon	equals	3d
icon	eraser	f12d
icon	erlang	f39d
icon	ethereum	f42e
icon	ethernet	f796
icon	etsy	f2d7
icon	euro-sign	f153
icon	evernote	f839
icon	exclamation	21
icon	expand	f065
icon	expeditedssl	f23e
icon	explosion	e4e9
icon	eye	f06e
icon	eye-dropper	f1fb
icon	eye-low-vision	f2a8
icon	eye-slash	f070
icon	f	46
icon	face-angry	f556
icon	face-dizzy	f567
icon	face-flushed	f579
icon	face-frown	f119
icon	face-frown-open	f57a
icon	face-grimace	f57f
icon	face-grin	f580
icon	face-grin-beam	f582
icon	face-grin-beam-sweat	f583
icon	face-grin-hearts	f584
icon	face-grin-squint	f585
icon	face-grin-squint-tears	f586
icon	face-grin-stars	f587
icon	face-grin-tears	f588
icon	face-grin-tongue	f589
icon	face-grin-tongue-squint	f58a
icon	face-grin-tongue-wink	f58b
icon	face-grin-wide	f581
icon	face-grin-wink	f58c
icon	face-kiss	f596
icon	face-kiss-beam	f597
icon	face-kiss-wink-heart	f598
icon	face-laugh	f599
icon	face-laugh-beam	f59a
icon	face-laugh-squint	f59b
icon	face-laugh-wink	f59c
icon	face-meh	f11a
icon	face-meh-blank	f5a4
icon	face-rolling-eyes	f5a5
icon	face-sad-cry	f5b3
icon	face-sad-tear	f5b4
icon	face-smile	f118
icon	face-smile-beam	f5b8
icon	face-smile-wink	f4da
icon	face-surprise	f5c2
icon	face-tired	f5c8
icon	facebook	f09a
icon	facebook-f	f39e
icon	facebook-messenger	f39f
icon	fan	f863
icon	fantasy-flight-games	f6dc
icon	faucet	e005
icon	faucet-drip	e006
icon	fax	f1ac
icon	feather	f52d
icon	feather-pointed	f56b
icon	fedex	f797
icon	fedora	f798
icon	ferry	e4ea
icon	figma	f799
icon	file	f15b
icon	file-arrow-down	f56d
icon	file-arrow-up	f574
icon	file-audio	f1c7
icon	file-circle-check	e5a0
icon	file-circle-exclamation	e4eb
icon	file-circle-minus	e4ed
icon	file-circle-plus	e494
icon	file-circle-question	e4ef
icon	file-circle-xmark	e5a1
icon	file-code	f1c9
icon	file-contract	f56c
icon	file-csv	f6dd
icon	file-excel	f1c3
icon	file-export	f56e
icon	file-image	f1c5
icon	file-import	f56f
icon	file-invoice	f570
icon	file-invoice-dollar	f571
icon	file-lines	f15c
icon	file-medical	f477
icon	file-pdf	f1c1
icon	file-pen	f31c
icon	file-powerpoint	f1c4
icon	file-prescription	f572
icon	file-shield	e4f0
icon	file-signature	f573
icon	file-video	f1c8
icon	file-waveform	f478
icon	file-word	f1c2
icon	file-zipper	f1c6
icon	fill	f575
icon	fill-drip	f576
icon	film	f008
icon	filter	f0b0
icon	filter-circle-dollar	f662
icon	filter-circle-xmark	e17b
icon	fingerprint	f577
icon	fire	f06d
icon	fire-burner	e4f1
icon	fire-extinguisher	f134
icon	fire-flame-curved	f7e4
icon	fire-flame-simple	f46a
icon	firefox	f269
icon	firefox-browser	e007
icon	first-order	f2b0
icon	first-order-alt	f50a
icon	firstdraft	f3a1
icon	fish	f578
icon	fish-fins	e4f2
icon	flag	f024
icon	flag-checkered	f11e
icon	flag-usa	f74d
icon	flask	f0c3
icon	flask-vial	e4f3
icon	flickr	f16e
icon	flipboard	f44d
icon	floppy-disk	f0c7
icon	florin-sign	e184
icon	flutter	e694
icon	fly	f417
icon	folder	f07b
icon	folder-closed	e185
icon	folder-minus	f65d
icon	folder-open	f07c
icon	folder-plus	f65e
icon	folder-tree	f802
icon	font	f031
icon	font-awesome	f2b4
icon	fonticons	f280
icon	fonticons-fi	f3a2
icon	football	f44e
icon	fort-awesome	f286
icon	fort-awesome-alt	f3a3
icon	forumbee	f211
icon	forward	f04e
icon	forward-fast	f050
icon	forward-step	f051
icon	foursquare	f180
icon	franc-sign	e18f
icon	free-code-camp	f2c5
icon	freebsd	f3a4
icon	frog	f52e
icon	fulcrum	f50b
icon	futbol	f1e3
icon	g	47
icon	galactic-republic	f50c
icon	galactic-senate	f50d
icon	gamepad	f11b
icon	gas-pump	f52f
icon	gauge	f624
icon	gauge-high	f625
icon	gauge-simple	f629
icon	gauge-simple-high	f62a
icon	gavel	f0e3
icon	gear	f013
icon	gears	f085
icon	gem	f3a5
icon	genderless	f22d
icon	get-pocket	f265
icon	gg	f260
icon	gg-circle	f261
icon	ghost	f6e2
icon	gift	f06b
icon	gifts	f79c
icon	git	f1d3
icon	git-alt	f841
icon	github	f09b
icon	github-alt	f113
icon	gitkraken	f3a6
icon	gitlab	f296
icon	gitter	f426
icon	glass-water	e4f4
icon	glass-water-droplet	e4f5
icon	glasses	f530
icon	glide	f2a5
icon	glide-g	f2a6
icon	globe	f0ac
icon	gofore	f3a7
icon	golang	e40f
icon	golf-ball-tee	f450
icon	goodreads	f3a8
icon	goodreads-g	f3a9
icon	google	f1a0
icon	google-drive	f3aa
icon	google-pay	e079
icon	google-play	f3ab
icon	google-plus	f2b3
icon	google-plus-g	f0d5
icon	google-scholar	e63b
icon	google-wallet	f1ee
icon	gopuram	f664
icon	graduation-cap	f19d
icon	gratipay	f184
icon	grav	f2d6
icon	greater-than	3e
icon	greater-than-equal	f532
icon	grip	f58d
icon	grip-lines	f7a4
icon	grip-lines-vertical	f7a5
icon	grip-vertical	f58e
icon	gripfire	f3ac
icon	group-arrows-rotate	e4f6
icon	grunt	f3ad
icon	guarani-sign	e19a
icon	guilded	e07e
icon	guitar	f7a6
icon	gulp	f3ae
icon	gun	e19b
icon	h	48
icon	hacker-news	f1d4
icon	hackerrank	f5f7
icon	hammer	f6e3
icon	hamsa	f665
icon	hand	f256
icon	hand-back-fist	f255
icon	hand-dots	f461
icon	hand-fist	f6de
icon	hand-holding	f4bd
icon	hand-holding-dollar	f4c0
icon	hand-holding-droplet	f4c1
icon	hand-holding-hand	e4f7
icon	hand-holding-heart	f4be
icon	hand-holding-medical	e05c
icon	hand-lizard	f258
icon	hand-middle-finger	f806
icon	hand-peace	f25b
icon	hand-point-down	f0a7
icon	hand-point-left	f0a5
icon	hand-point-right	f0a4
icon	hand-point-up	f0a6
icon	hand-pointer	f25a
icon	hand-scissors	f257
icon	hand-sparkles	e05d
icon	hand-spock	f259
icon	handcuffs	e4f8
icon	hands	f2a7
icon	hands-asl-interpreting	f2a3
icon	hands-bound	e4f9
icon	hands-bubbles	e05e
icon	hands-clapping	e1a8
icon	hands-holding	f4c2
icon	hands-holding-child	e4fa
icon	hands-holding-circle	e4fb
icon	hands-praying	f684
icon	handshake	f2b5
icon	handshake-angle	f4c4
icon	handshake-simple	f4c6
icon	handshake-simple-slash	e05f
icon	handshake-slash	e060
icon	hanukiah	f6e6
icon	hard-drive	f0a0
icon	hashnode	e499
icon	hashtag	23
icon	hat-cowboy	f8c0
icon	hat-cowboy-side	f8c1
icon	hat-wizard	f6e8
icon	head-side-cough	e061
icon	head-side-cough-slash	e062
icon	head-side-mask	e063
icon	head-side-virus	e064
icon	heading	f1dc
icon	headphones	f025
icon	headphones-simple	f58f
icon	headset	f590
icon	heart	f004
icon	heart-circle-bolt	e4fc
icon	heart-circle-check	e4fd
icon	heart-circle-exclamation	e4fe
icon	heart-circle-minus	e4ff
icon	heart-circle-plus	e500
icon	heart-circle-xmark	e501
icon	heart-crack	f7a9
icon	heart-pulse	f21e
icon	helicopter	f533
icon	helicopter-symbol	e502
icon	helmet-safety	f807
icon	helmet-un	e503
icon	highlighter	f591
icon	hill-avalanche	e507
icon	hill-rockslide	e508
icon	hippo	f6ed
icon	hips	f452
icon	hire-a-helper	f3b0
icon	hive	e07f
icon	hockey-puck	f453
icon	holly-berry	f7aa
icon	hooli	f427
icon	hornbill	f592
icon	horse	f6f0
icon	horse-head	f7ab
icon	hospital	f0f8
icon	hospital-user	f80d
icon	hot-tub-person	f593
icon	hotdog	f80f
icon	hotel	f594
icon	hotjar	f3b1
icon	hourglass	f254
icon	hourglass-end	f253
icon	hourglass-half	f252
icon	hourglass-start	f251
icon	house	f015
icon	house-chimney	e3af
icon	house-chimney-crack	f6f1
icon	house-chimney-medical	f7f2
icon	house-chimney-user	e065
icon	house-chimney-window	e00d
icon	house-circle-check	e509
icon	house-circle-exclamation	e50a
icon	house-circle-xmark	e50b
icon	house-crack	e3b1
icon	house-fire	e50c
icon	house-flag	e50d
icon	house-flood-water	e50e
icon	house-flood-water-circle-arrow-right	e50f
icon	house-laptop	e066
icon	house-lock	e510
icon	house-medical	e3b2
icon	house-medical-circle-check	e511
icon	house-medical-circle-exclamation	e512
icon	house-medical-circle-xmark	e513
icon	house-medical-flag	e514
icon	house-signal	e012
icon	house-tsunami	e515
icon	house-user	e1b0
icon	houzz	f27c
icon	hryvnia-sign	f6f2
icon	html5	f13b
icon	hubspot	f3b2
icon	hurricane	f751
icon	i	49
icon	i-cursor	f246
icon	ice-cream	f810
icon	icicles	f7ad
icon	icons	f86d
icon	id-badge	f2c1
icon	id-card	f2c2
icon	id-card-clip	f47f
icon	ideal	e013
icon	igloo	f7ae
icon	image	f03e
icon	image-portrait	f3e0
icon	images	f302
icon	imdb	f2d8
icon	inbox	f01c
icon	indent	f03c
icon	indian-rupee-sign	e1bc
icon	industry	f275
icon	infinity	f534
icon	info	f129
icon	instagram	f16d
icon	instalod	e081
icon	intercom	f7af
icon	internet-explorer	f26b
icon	invision	f7b0
icon	ioxhost	f208
icon	italic	f033
icon	itch-io	f83a
icon	itunes	f3b4
icon	itunes-note	f3b5
icon	j	4a
icon	jar	e516
icon	jar-wheat	e517
icon	java	f4e4
icon	jedi	f669
icon	jedi-order	f50e
icon	jenkins	f3b6
icon	jet-fighter	f0fb
icon	jet-fighter-up	e518
icon	jira	f7b1
icon	joget	f3b7
icon	joint	f595
icon	joomla	f1aa
icon	js	f3b8
icon	jsfiddle	f1cc
icon	jug-detergent	e519
icon	jxl	e67b
icon	k	4b
icon	kaaba	f66b
icon	kaggle	f5fa
icon	key	f084
icon	keybase	f4f5
icon	keyboard	f11c
icon	keycdn	f3ba
icon	khanda	f66d
icon	kickstarter	f3bb
icon	kickstarter-k	f3bc
icon	kip-sign	e1c4
icon	kit-medical	f479
icon	kitchen-set	e51a
icon	kiwi-bird	f535
icon	korvue	f42f
icon	l	4c
icon	land-mine-on	e51b
icon	landmark	f66f
icon	landmark-dome	f752
icon	landmark-flag	e51c
icon	language	f1ab
icon	laptop	f109
icon	laptop-code	f5fc
icon	laptop-file	e51d
icon	laptop-medical	f812
icon	laravel	f3bd
icon	lari-sign	e1c8
icon	lastfm	f202
icon	layer-group	f5fd
icon	leaf	f06c
icon	leanpub	f212
icon	left-long	f30a
icon	left-right	f337
icon	lemon	f094
icon	less	f41d
icon	less-than	3c
icon	less-than-equal	f537
icon	letterboxd	e62d
icon	life-ring	f1cd
icon	lightbulb	f0eb
icon	line	f3c0
icon	lines-leaning	e51e
icon	link	f0c1
icon	link-slash	f127
icon	linkedin	f08c
icon	linkedin-in	f0e1
icon	linode	f2b8
icon	linux	f17c
icon	lira-sign	f195
icon	list	f03a
icon	list-check	f0ae
icon	list-ol	f0cb
icon	list-ul	f0ca
icon	litecoin-sign	e1d3
icon	location-arrow	f124
icon	location-crosshairs	f601
icon	location-dot	f3c5
icon	location-pin	f041
icon	location-pin-lock	e51f
icon	lock	f023
icon	lock-open	f3c1
icon	locust	e520
icon	lungs	f604
icon	lungs-virus	e067
icon	lyft	f3c3
icon	m	4d
icon	magento	f3c4
icon	magnet	f076
icon	magnifying-glass	f002
icon	magnifying-glass-arrow-right	e521
icon	magnifying-glass-chart	e522
icon	magnifying-glass-dollar	f688
icon	magnifying-glass-location	f689
icon	magnifying-glass-minus	f010
icon	magnifying-glass-plus	f00e
icon	mailchimp	f59e
icon	manat-sign	e1d5
icon	mandalorian	f50f
icon	map	f279
icon	map-location	f59f
icon	map-location-dot	f5a0
icon	map-pin	f276
icon	markdown	f60f
icon	marker	f5a1
icon	mars	f222
icon	mars-and-venus	f224
icon	mars-and-venus-burst	e523
icon	mars-double	f227
icon	mars-stroke	f229
icon	mars-stroke-right	f22b
icon	mars-stroke-up	f22a
icon	martini-glass	f57b
icon	martini-glass-citrus	f561
icon	martini-glass-empty	f000
icon	mask	f6fa
icon	mask-face	e1d7
icon	mask-ventilator	e524
icon	masks-theater	f630
icon	mastodon	f4f6
icon	mattress-pillow	e525
icon	maxcdn	f136
icon	maximize	f31e
icon	mdb	f8ca
icon	medal	f5a2
icon	medapps	f3c6
icon	medium	f23a
icon	medrt	f3c8
icon	meetup	f2e0
icon	megaport	f5a3
icon	memory	f538
icon	mendeley	f7b3
icon	menorah	f676
icon	mercury	f223
icon	message	f27a
icon	meta	e49b
icon	meteor	f753
icon	microblog	e01a
icon	microchip	f2db
icon	microphone	f130
icon	microphone-lines	f3c9
icon	microphone-lines-slash	f539
icon	microphone-slash	f131
icon	microscope	f610
icon	microsoft	f3ca
icon	mill-sign	e1ed
icon	minimize	f78c
icon	mintbit	e62f
icon	minus	f068
icon	mitten	f7b5
icon	mix	f3cb
icon	mixcloud	f289
icon	mixer	e056
icon	mizuni	f3cc
icon	mobile	f3ce
icon	mobile-button	f10b
icon	mobile-retro	e527
icon	mobile-screen	f3cf
icon	mobile-screen-button	f3cd
icon	modx	f285
icon	monero	f3d0
icon	money-bill	f0d6
icon	money-bill-1	f3d1
icon	money-bill-1-wave	f53b
icon	money-bill-transfer	e528
icon	money-bill-trend-up	e529
icon	money-bill-wave	f53a
icon	money-bill-wheat	e52a
icon	money-bills	e1f3
icon	money-check	f53c
icon	money-check-dollar	f53d
icon	monument	f5a6
icon	moon	f186
icon	mortar-pestle	f5a7
icon	mosque	f678
icon	mosquito	e52b
icon	mosquito-net	e52c
icon	motorcycle	f21c
icon	mound	e52d
icon	mountain	f6fc
icon	mountain-city	e52e
icon	mountain-sun	e52f
icon	mug-hot	f7b6
icon	mug-saucer	f0f4
icon	music	f001
icon	n	4e
icon	naira-sign	e1f6
icon	napster	f3d2
icon	neos	f612
icon	network-wired	f6ff
icon	neuter	f22c
icon	newspaper	f1ea
icon	nfc-directional	e530
icon	nfc-symbol	e531
icon	nimblr	f5a8
icon	node	f419
icon	node-js	f3d3
icon	not-equal	f53e
icon	notdef	e1fe
icon	note-sticky	f249
icon	notes-medical	f481
icon	npm	f3d4
icon	ns8	f3d5
icon	nutritionix	f3d6
icon	o	4f
icon	object-group	f247
icon	object-ungroup	f248
icon	octopus-deploy	e082
icon	odnoklassniki	f263
icon	odysee	e5c6
icon	oil-can	f613
icon	oil-well	e532
icon	old-republic	f510
icon	om	f679
icon	opencart	f23d
icon	openid	f19b
icon	opensuse	e62b
icon	opera	f26a
icon	optin-monster	f23c
icon	orcid	f8d2
icon	osi	f41a
icon	otter	f700
icon	outdent	f03b
icon	p	50
icon	padlet	e4a0
icon	page4	f3d7
icon	pagelines	f18c
icon	pager	f815
icon	paint-roller	f5aa
icon	paintbrush	f1fc
icon	palette	f53f
icon	palfed	f3d8
icon	pallet	f482
icon	panorama	e209
icon	paper-plane	f1d8
icon	paperclip	f0c6
icon	parachute-box	f4cd
icon	paragraph	f1dd
icon	passport	f5ab
icon	paste	f0ea
icon	patreon	f3d9
icon	pause	f04c
icon	paw	f1b0
icon	paypal	f1ed
icon	peace	f67c
icon	pen	f304
icon	pen-clip	f305
icon	pen-fancy	f5ac
icon	pen-nib	f5ad
icon	pen-ruler	f5ae
icon	pen-to-square	f044
icon	pencil	f303
icon	people-arrows	e068
icon	people-carry-box	f4ce
icon	people-group	e533
icon	people-line	e534
icon	people-pulling	e535
icon	people-robbery	e536
icon	people-roof	e537
icon	pepper-hot	f816
icon	perbyte	e083
icon	percent	25
icon	periscope	f3da
icon	person	f183
icon	person-arrow-down-to-line	e538
icon	person-arrow-up-from-line	e539
icon	person-biking	f84a
icon	person-booth	f756
icon	person-breastfeeding	e53a
icon	person-burst	e53b
icon	person-cane	e53c
icon	person-chalkboard	e53d
icon	person-circle-check	e53e
icon	person-circle-exclamation	e53f
icon	person-circle-minus	e540
icon	person-circle-plus	e541
icon	person-circle-question	e542
icon	person-circle-xmark	e543
icon	person-digging	f85e
icon	person-dots-from-line	f470
icon	person-dress	f182
icon	person-dress-burst	e544
icon	person-drowning	e545
icon	person-falling	e546
icon	person-falling-burst	e547
icon	person-half-dress	e548
icon	person-harassing	e549
icon	person-hiking	f6ec
icon	person-military-pointing	e54a
icon	person-military-rifle	e54b
icon	person-military-to-person	e54c
icon	person-praying	f683
icon	person-pregnant	e31e
icon	person-rays	e54d
icon	person-rifle	e54e
icon	person-running	f70c
icon	person-shelter	e54f
icon	person-skating	f7c5
icon	person-skiing	f7c9
icon	person-skiing-nordic	f7ca
icon	person-snowboarding	f7ce
icon	person-swimming	f5c4
icon	person-through-window	e5a9
icon	person-walking	f554
icon	person-walking-arrow-loop-left	e551
icon	person-walking-arrow-right	e552
icon	person-walking-dashed-line-arrow-right	e553
icon	person-walking-luggage	e554
icon	person-walking-with-cane	f29d
icon	peseta-sign	e221
icon	peso-sign	e222
icon	phabricator	f3db
icon	phoenix-framework	f3dc
icon	phoenix-squadron	f511
icon	phone	f095
icon	phone-flip	f879
icon	phone-slash	f3dd
icon	phone-volume	f2a0
icon	photo-film	f87c
icon	php	f457
icon	pied-piper	f2ae
icon	pied-piper-alt	f1a8
icon	pied-piper-hat	f4e5
icon	pied-piper-pp	f1a7
icon	piggy-bank	f4d3
icon	pills	f484
icon	pinterest	f0d2
icon	pinterest-p	f231
icon	pix	e43a
icon	pixiv	e640
icon	pizza-slice	f818
icon	place-of-worship	f67f
icon	plane	f072
icon	plane-arrival	f5af
icon	plane-circle-check	e555
icon	plane-circle-exclamation	e556
icon	plane-circle-xmark	e557
icon	plane-departure	f5b0
icon	plane-lock	e558
icon	plane-slash	e069
icon	plane-up	e22d
icon	plant-wilt	e5aa
icon	plate-wheat	e55a
icon	play	f04b
icon	playstation	f3df
icon	plug	f1e6
icon	plug-circle-bolt	e55b
icon	plug-circle-check	e55c
icon	plug-circle-exclamation	e55d
icon	plug-circle-minus	e55e
icon	plug-circle-plus	e55f
icon	plug-circle-xmark	e560
icon	plus	2b
icon	plus-minus	e43c
icon	podcast	f2ce
icon	poo	f2fe
icon	poo-storm	f75a
icon	poop	f619
icon	power-off	f011
icon	prescription	f5b1
icon	prescription-bottle	f485
icon	prescription-bottle-medical	f486
icon	print	f02f
icon	product-hunt	f288
icon	pump-medical	e06a
icon	pump-soap	e06b
icon	pushed	f3e1
icon	puzzle-piece	f12e
icon	python	f3e2
icon	q	51
icon	qq	f1d6
icon	qrcode	f029
icon	question	3f
icon	quinscape	f459
icon	quora	f2c4
icon	quote-left	f10d
icon	quote-right	f10e
icon	r	52
icon	r-project	f4f7
icon	radiation	f7b9
icon	radio	f8d7
icon	rainbow	f75b
icon	ranking-star	e561
icon	raspberry-pi	f7bb
icon	ravelry	f2d9
icon	react	f41b
icon	reacteurope	f75d
icon	readme	f4d5
icon	rebel	f1d0
icon	receipt	f543
icon	record-vinyl	f8d9
icon	rectangle-ad	f641
icon	rectangle-list	f022
icon	rectangle-xmark	f410
icon	recycle	f1b8
icon	red-river	f3e3
icon	reddit	f1a1
icon	reddit-alien	f281
icon	redhat	f7bc
icon	registered	f25d
icon	renren	f18b
icon	repeat	f363
icon	reply	f3e5
icon	reply-all	f122
icon	replyd	f3e6
icon	republican	f75e
icon	researchgate	f4f8
icon	resolving	f3e7
icon	restroom	f7bd
icon	retweet	f079
icon	rev	f5b2
icon	ribbon	f4d6
icon	right-from-bracket	f2f5
icon	right-left	f362
icon	right-long	f30b
icon	right-to-bracket	f2f6
icon	ring	f70b
icon	road	f018
icon	road-barrier	e562
icon	road-bridge	e563
icon	road-circle-check	e564
icon	road-circle-exclamation	e565
icon	road-circle-xmark	e566
icon	road-lock	e567
icon	road-spikes	e568
icon	robot	f544
icon	rocket	f135
icon	rocketchat	f3e8
icon	rockrms	f3e9
icon	rotate	f2f1
icon	rotate-left	f2ea
icon	rotate-right	f2f9
icon	route	f4d7
icon	rss	f09e
icon	ruble-sign	f158
icon	rug	e569
icon	ruler	f545
icon	ruler-combined	f546
icon	ruler-horizontal	f547
icon	ruler-vertical	f548
icon	rupee-sign	f156
icon	rupiah-sign	e23d
icon	rust	e07a
icon	s	53
icon	sack-dollar	f81d
icon	sack-xmark	e56a
icon	safari	f267
icon	sailboat	e445
icon	salesforce	f83b
icon	sass	f41e
icon	satellite	f7bf
icon	satellite-dish	f7c0
icon	scale-balanced	f24e
icon	scale-unbalanced	f515
icon	scale-unbalanced-flip	f516
icon	schlix	f3ea
icon	school	f549
icon	school-circle-check	e56b
icon	school-circle-exclamation	e56c
icon	school-circle-xmark	e56d
icon	school-flag	e56e
icon	school-lock	e56f
icon	scissors	f0c4
icon	screenpal	e570
icon	screwdriver	f54a
icon	screwdriver-wrench	f7d9
icon	scribd	f28a
icon	scroll	f70e
icon	scroll-torah	f6a0
icon	sd-card	f7c2
icon	searchengin	f3eb
icon	section	e447
icon	seedling	f4d8
icon	sellcast	f2da
icon	sellsy	f213
icon	server	f233
icon	servicestack	f3ec
icon	shapes	f61f
icon	share	f064
icon	share-from-square	f14d
icon	share-nodes	f1e0
icon	sheet-plastic	e571
icon	shekel-sign	f20b
icon	shield	f132
icon	shield-cat	e572
icon	shield-dog	e573
icon	shield-halved	f3ed
icon	shield-heart	e574
icon	shield-virus	e06c
icon	ship	f21a
icon	shirt	f553
icon	shirtsinbulk	f214
icon	shoe-prints	f54b
icon	shoelace	e60c
icon	shop	f54f
icon	shop-lock	e4a5
icon	shop-slash	e070
icon	shopify	e057
icon	shopware	f5b5
icon	shower	f2cc
icon	shrimp	e448
icon	shuffle	f074
icon	shuttle-space	f197
icon	sign-hanging	f4d9
icon	signal	f012
icon	signal-messenger	e663
icon	signature	f5b7
icon	signs-post	f277
icon	sim-card	f7c4
icon	simplybuilt	f215
icon	sink	e06d
icon	sistrix	f3ee
icon	sitemap	f0e8
icon	sith	f512
icon	sitrox	e44a
icon	sketch	f7c6
icon	skull	f54c
icon	skull-crossbones	f714
icon	skyatlas	f216
icon	skype	f17e
icon	slack	f198
icon	slash	f715
icon	sleigh	f7cc
icon	sliders	f1de
icon	slideshare	f1e7
icon	smog	f75f
icon	smoking	f48d
icon	snapchat	f2ab
icon	snowflake	f2dc
icon	snowman	f7d0
icon	snowplow	f7d2
icon	soap	e06e
icon	socks	f696
icon	solar-panel	f5ba
icon	sort	f0dc
icon	sort-down	f0dd
icon	sort-up	f0de
icon	soundcloud	f1be
icon	sourcetree	f7d3
icon	spa	f5bb
icon	space-awesome	e5ac
icon	spaghetti-monster-flying	f67b
icon	speakap	f3f3
icon	speaker-deck	f83c
icon	spell-check	f891
icon	spider	f717
icon	spinner	f110
icon	splotch	f5bc
icon	spoon	f2e5
icon	spotify	f1bc
icon	spray-can	f5bd
icon	spray-can-sparkles	f5d0
icon	square	f0c8
icon	square-arrow-up-right	f14c
icon	square-behance	f1b5
icon	square-caret-down	f150
icon	square-caret-left	f191
icon	square-caret-right	f152
icon	square-caret-up	f151
icon	square-check	f14a
icon	square-dribbble	f397
icon	square-envelope	f199
icon	square-facebook	f082
icon	square-font-awesome	e5ad
icon	square-font-awesome-stroke	f35c
icon	square-full	f45c
icon	square-git	f1d2
icon	square-github	f092
icon	square-gitlab	e5ae
icon	square-google-plus	f0d4
icon	square-h	f0fd
icon	square-hacker-news	f3af
icon	square-instagram	e055
icon	square-js	f3b9
icon	square-lastfm	f203
icon	square-letterboxd	e62e
icon	square-minus	f146
icon	square-nfi	e576
icon	square-odnoklassniki	f264
icon	square-parking	f540
icon	square-pen	f14b
icon	square-person-confined	e577
icon	square-phone	f098
icon	square-phone-flip	f87b
icon	square-pied-piper	e01e
icon	square-pinterest	f0d3
icon	square-plus	f0fe
icon	square-poll-horizontal	f682
icon	square-poll-vertical	f681
icon	square-reddit	f1a2
icon	square-root-variable	f698
icon	square-rss	f143
icon	square-share-nodes	f1e1
icon	square-snapchat	f2ad
icon	square-steam	f1b7
icon	square-threads	e619
icon	square-tumblr	f174
icon	square-twitter	f081
icon	square-up-right	f360
icon	square-upwork	e67c
icon	square-viadeo	f2aa
icon	square-vimeo	f194
icon	square-virus	e578
icon	square-web-awesome	e683
icon	square-web-awesome-stroke	e684
icon	square-whatsapp	f40c
icon	square-x-twitter	e61a
icon	square-xing	f169
icon	square-xmark	f2d3
icon	square-youtube	f431
icon	squarespace	f5be
icon	stack-exchange	f18d
icon	stack-overflow	f16c
icon	stackpath	f842
icon	staff-snake	e579
icon	stairs	e289
icon	stamp	f5bf
icon	stapler	e5af
icon	star	f005
icon	star-and-crescent	f699
icon	star-half	f089
icon	star-half-stroke	f5c0
icon	star-of-david	f69a
icon	star-of-life	f621
icon	staylinked	f3f5
icon	steam	f1b6
icon	steam-symbol	f3f6
icon	sterling-sign	f154
icon	stethoscope	f0f1
icon	sticker-mule	f3f7
icon	stop	f04d
icon	stopwatch	f2f2
icon	stopwatch-20	e06f
icon	store	f54e
icon	store-slash	e071
icon	strava	f428
icon	street-view	f21d
icon	strikethrough	f0cc
icon	stripe	f429
icon	stripe-s	f42a
icon	stroopwafel	f551
icon	stubber	e5c7
icon	studiovinari	f3f8
icon	stumbleupon	f1a4
icon	stumbleupon-circle	f1a3
icon	subscript	f12c
icon	suitcase	f0f2
icon	suitcase-medical	f0fa
icon	suitcase-rolling	f5c1
icon	sun	f185
icon	sun-plant-wilt	e57a
icon	superpowers	f2dd
icon	superscript	f12b
icon	supple	f3f9
icon	suse	f7d6
icon	swatchbook	f5c3
icon	swift	f8e1
icon	symfony	f83d
icon	synagogue	f69b
icon	syringe	f48e
icon	t	54
icon	table	f0ce
icon	table-cells	f00a
icon	table-cells-column-lock	e678
icon	table-cells-large	f009
icon	table-cells-row-lock	e67a
icon	table-cells-row-unlock	e691
icon	table-columns	f0db
icon	table-list	f00b
icon	table-tennis-paddle-ball	f45d
icon	tablet	f3fb
icon	tablet-button	f10a
icon	tablet-screen-button	f3fa
icon	tablets	f490
icon	tachograph-digital	f566
icon	tag	f02b
icon	tags	f02c
icon	tape	f4db
icon	tarp	e57b
icon	tarp-droplet	e57c
icon	taxi	f1ba
icon	teamspeak	f4f9
icon	teeth	f62e
icon	teeth-open	f62f
icon	telegram	f2c6
icon	temperature-arrow-down	e03f
icon	temperature-arrow-up	e040
icon	temperature-empty	f2cb
icon	temperature-full	f2c7
icon	temperature-half	f2c9
icon	temperature-high	f769
icon	temperature-low	f76b
icon	temperature-quarter	f2ca
icon	temperature-three-quarters	f2c8
icon	tencent-weibo	f1d5
icon	tenge-sign	f7d7
icon	tent	e57d
icon	tent-arrow-down-to-line	e57e
icon	tent-arrow-left-right	e57f
icon	tent-arrow-turn-left	e580
icon	tent-arrows-down	e581
icon	tents	e582
icon	terminal	f120
icon	text-height	f034
icon	text-slash	f87d
icon	text-width	f035
icon	the-red-yeti	f69d
icon	themeco	f5c6
icon	themeisle	f2b2
icon	thermometer	f491
icon	think-peaks	f731
icon	threads	e618
icon	thumbs-down	f165
icon	thumbs-up	f164
icon	thumbtack	f08d
icon	thumbtack-slash	e68f
icon	ticket	f145
icon	ticket-simple	f3ff
icon	tiktok	e07b
icon	timeline	e29c
icon	toggle-off	f204
icon	toggle-on	f205
icon	toilet	f7d8
icon	toilet-paper	f71e
icon	toilet-paper-slash	e072
icon	toilet-portable	e583
icon	toilets-portable	e584
icon	toolbox	f552
icon	tooth	f5c9
icon	torii-gate	f6a1
icon	tornado	f76f
icon	tower-broadcast	f519
icon	tower-cell	e585
icon	tower-observation	e586
icon	tractor	f722
icon	trade-federation	f513
icon	trademark	f25c
icon	traffic-light	f637
icon	trailer	e041
icon	train	f238
icon	train-subway	f239
icon	train-tram	e5b4
icon	transgender	f225
icon	trash	f1f8
icon	trash-arrow-up	f829
icon	trash-can	f2ed
icon	trash-can-arrow-up	f82a
icon	tree	f1bb
icon	tree-city	e587
icon	trello	f181
icon	triangle-exclamation	f071
icon	trophy	f091
icon	trowel	e589
icon	trowel-bricks	e58a
icon	truck	f0d1
icon	truck-arrow-right	e58b
icon	truck-droplet	e58c
icon	truck-fast	f48b
icon	truck-field	e58d
icon	truck-field-un	e58e
icon	truck-front	e2b7
icon	truck-medical	f0f9
icon	truck-monster	f63b
icon	truck-moving	f4df
icon	truck-pickup	f63c
icon	truck-plane	e58f
icon	truck-ramp-box	f4de
icon	tty	f1e4
icon	tumblr	f173
icon	turkish-lira-sign	e2bb
icon	turn-down	f3be
icon	turn-up	f3bf
icon	tv	f26c
icon	twitch	f1e8
icon	twitter	f099
icon	typo3	f42b
icon	u	55
icon	uber	f402
icon	ubuntu	f7df
icon	uikit	f403
icon	umbraco	f8e8
icon	umbrella	f0e9
icon	umbrella-beach	f5ca
icon	uncharted	e084
icon	underline	f0cd
icon	uniregistry	f404
icon	unity	e049
icon	universal-access	f29a
icon	unlock	f09c
icon	unlock-keyhole	f13e
icon	unsplash	e07c
icon	untappd	f405
icon	up-down	f338
icon	up-down-left-right	f0b2
icon	up-long	f30c
icon	up-right-and-down-left-from-center	f424
icon	up-right-from-square	f35d
icon	upload	f093
icon	ups	f7e0
icon	upwork	e641
icon	usb	f287
icon	user	f007
icon	user-astronaut	f4fb
icon	user-check	f4fc
icon	user-clock	f4fd
icon	user-doctor	f0f0
icon	user-gear	f4fe
icon	user-graduate	f501
icon	user-group	f500
icon	user-injured	f728
icon	user-large	f406
icon	user-large-slash	f4fa
icon	user-lock	f502
icon	user-minus	f503
icon	user-ninja	f504
icon	user-nurse	f82f
icon	user-pen	f4ff
icon	user-plus	f234
icon	user-secret	f21b
icon	user-shield	f505
icon	user-slash	f506
icon	user-tag	f507
icon	user-tie	f508
icon	user-xmark	f235
icon	users	f0c0
icon	users-between-lines	e591
icon	users-gear	f509
icon	users-line	e592
icon	users-rays	e593
icon	users-rectangle	e594
icon	users-slash	e073
icon	users-viewfinder	e595
icon	usps	f7e1
icon	ussunnah	f407
icon	utensils	f2e7
icon	v	56
icon	vaadin	f408
icon	van-shuttle	f5b6
icon	vault	e2c5
icon	vector-square	f5cb
icon	venus	f221
icon	venus-double	f226
icon	venus-mars	f228
icon	vest	e085
icon	vest-patches	e086
icon	viacoin	f237
icon	viadeo	f2a9
icon	vial	f492
icon	vial-circle-check	e596
icon	vial-virus	e597
icon	vials	f493
icon	viber	f409
icon	video	f03d
icon	video-slash	f4e2
icon	vihara	f6a7
icon	vimeo	f40a
icon	vimeo-v	f27d
icon	vine	f1ca
icon	virus	e074
icon	virus-covid	e4a8
icon	virus-covid-slash	e4a9
icon	virus-slash	e075
icon	viruses	e076
icon	vk	f189
icon	vnv	f40b
icon	voicemail	f897
icon	volcano	f770
icon	volleyball	f45f
icon	volume-high	f028
icon	volume-low	f027
icon	volume-off	f026
icon	volume-xmark	f6a9
icon	vr-cardboard	f729
icon	vuejs	f41f
icon	w	57
icon	walkie-talkie	f8ef
icon	wallet	f555
icon	wand-magic	f0d0
icon	wand-magic-sparkles	e2ca
icon	wand-sparkles	f72b
icon	warehouse	f494
icon	watchman-monitoring	e087
icon	water	f773
icon	water-ladder	f5c5
icon	wave-square	f83e
icon	waze	f83f
icon	web-awesome	e682
icon	webflow	e65c
icon	weebly	f5cc
icon	weibo	f18a
icon	weight-hanging	f5cd
icon	weight-scale	f496
icon	weixin	f1d7
icon	whatsapp	f232
icon	wheat-awn	e2cd
icon	wheat-awn-circle-exclamation	e598
icon	wheelchair	f193
icon	wheelchair-move	e2ce
icon	whiskey-glass	f7a0
icon	whmcs	f40d
icon	wifi	f1eb
icon	wikipedia-w	f266
icon	wind	f72e
icon	window-maximize	f2d0
icon	window-minimize	f2d1
icon	window-restore	f2d2
icon	windows	f17a
icon	wine-bottle	f72f
icon	wine-glass	f4e3
icon	wine-glass-empty	f5ce
icon	wirsindhandwerk	e2d0
icon	wix	f5cf
icon	wizards-of-the-coast	f730
icon	wodu	e088
icon	wolf-pack-battalion	f514
icon	won-sign	f159
icon	wordpress	f19a
icon	wordpress-simple	f411
icon	worm	e599
icon	wpbeginner	f297
icon	wpexplorer	f2de
icon	wpforms	f298
icon	wpressr	f3e4
icon	wrench	f0ad
icon	x	58
icon	x-ray	f497
icon	x-twitter	e61b
icon	xbox	f412
icon	xing	f168
icon	xmark	f00d
icon	xmarks-lines	e59a
icon	y	59
icon	y-combinator	f23b
icon	yahoo	f19e
icon	yammer	f840
icon	yandex	f413
icon	yandex-international	f414
icon	yarn	f7e3
icon	yelp	f1e9
icon	yen-sign	f157
icon	yin-yang	f6ad
icon	yoast	f2b1
icon	youtube	f167
icon	z	5a
icon	zhihu	f63f
shim	area-chart	chart-area
shim	arrow-circle-o-down	circle-down
shim	arrow-circle-o-left	circle-left
shim	arrow-circle-o-right	circle-right
shim	arrow-circle-o-up	circle-up
shim	arrows	up-down-left-right
shim	arrows-alt	maximize
shim	arrows-h	left-right
shim	arrows-v	up-down
shim	asl-interpreting	hands-asl-interpreting
shim	automobile	car
shim	bank	building-columns
shim	bar-chart	chart-column
shim	bar-chart-o	chart-column
shim	bathtub	bath
shim	battery	battery-full
shim	battery-0	battery-empty
shim	battery-1	battery-quarter
shim	battery-2	battery-half
shim	battery-3	battery-three-quarters
shim	battery-4	battery-full
shim	behance-square	square-behance
shim	bitbucket-square	bitbucket
shim	bitcoin	btc
shim	cab	taxi
shim	calendar	calendar-days
shim	calendar-times-o	calendar-xmark
shim	caret-square-o-down	square-caret-down
shim	caret-square-o-left	square-caret-left
shim	caret-square-o-right	square-caret-right
shim	caret-square-o-up	square-caret-up
shim	cc	closed-captioning
shim	chain	link
shim	chain-broken	link-slash
shim	check-circle-o	circle-check
shim	check-square-o	square-check
shim	circle-o-notch	circle-notch
shim	circle-thin	circle
shim	clipboard	paste
shim	close	xmark
shim	cloud-download	cloud-arrow-down
shim	cloud-upload	cloud-arrow-up
shim	cny	yen-sign
shim	code-fork	code-branch
shim	commenting	comment-dots
shim	commenting-o	comment-dots
shim	compress	down-left-and-up-right-to-center
shim	credit-card-alt	credit-card
shim	cut	scissors
shim	cutlery	utensils
shim	dashboard	gauge-high
shim	deafness	ear-deaf
shim	dedent	outdent
shim	diamond	gem
shim	dollar	dollar-sign
shim	dot-circle-o	circle-dot
shim	drivers-license	id-card
shim	drivers-license-o	id-card
shim	edit	pen-to-square
shim	eercast	sellcast
shim	eur	euro-sign
shim	euro	euro-sign
shim	exchange	right-left
shim	expand	up-right-and-down-left-from-center
shim	external-link	up-right-from-square
shim	external-link-square	square-up-right
shim	eyedropper	eye-dropper
shim	fa	font-awesome
shim	facebook	facebook-f
shim	facebook-f	facebook-f
shim	facebook-official	facebook
shim	facebook-square	square-facebook
shim	feed	rss
shim	file-archive-o	file-zipper
shim	file-movie-o	file-video
shim	file-photo-o	file-image
shim	file-picture-o	file-image
shim	file-sound-o	file-audio
shim	file-text	file-lines
shim	file-text-o	file-lines
shim	file-zip-o	file-zipper
shim	files-o	copy
shim	flash	bolt
shim	floppy-o	floppy-disk
shim	frown-o	face-frown
shim	gbp	sterling-sign
shim	ge	empire
shim	gear	gear
shim	gears	gears
shim	git-square	square-git
shim	github-square	square-github
shim	gittip	gratipay
shim	glass	martini-glass-empty
shim	globe	earth-americas
shim	google-plus	google-plus-g
shim	google-plus-circle	google-plus
shim	google-plus-official	google-plus
shim	google-plus-square	square-google-plus
shim	group	users
shim	hand-grab-o	hand-back-fist
shim	hand-o-down	hand-point-down
shim	hand-o-left	hand-point-left
shim	hand-o-right	hand-point-right
shim	hand-o-up	hand-point-up
shim	hand-paper-o	hand
shim	hand-rock-o	hand-back-fist
shim	hand-stop-o	hand
shim	hard-of-hearing	ear-deaf
shim	hdd-o	hard-drive
shim	header	heading
shim	home	house
shim	hotel	bed
shim	hourglass-1	hourglass-start
shim	hourglass-2	hourglass-half
shim	hourglass-3	hourglass-end
shim	hourglass-o	hourglass
shim	ils	shekel-sign
shim	image	image
shim	inr	indian-rupee-sign
shim	institution	building-columns
shim	intersex	mars-and-venus
shim	jpy	yen-sign
shim	krw	won-sign
shim	lastfm-square	square-lastfm
shim	legal	gavel
shim	level-down	turn-down
shim	level-up	turn-up
shim	life-bouy	life-ring
shim	life-buoy	life-ring
shim	life-saver	life-ring
shim	line-chart	chart-line
shim	linkedin	linkedin-in
shim	linkedin-square	linkedin
shim	list-alt	rectangle-list
shim	long-arrow-down	down-long
shim	long-arrow-left	left-long
shim	long-arrow-right	right-long
shim	long-arrow-up	up-long
shim	magic	wand-magic-sparkles
shim	mail-forward	share
shim	mail-reply	reply
shim	mail-reply-all	reply-all
shim	map-marker	location-dot
shim	meh-o	face-meh
shim	minus-square-o	square-minus
shim	mobile	mobile-screen-button
shim	mobile-phone	mobile-screen-button
shim	money	money-bill-1
shim	mortar-board	graduation-cap
shim	navicon	bars
shim	odnoklassniki-square	square-odnoklassniki
shim	pause-circle-o	circle-pause
shim	pencil-square	square-pen
shim	pencil-square-o	pen-to-square
shim	photo	image
shim	picture-o	image
shim	pie-chart	chart-pie
shim	pinterest-square	square-pinterest
shim	play-circle-o	circle-play
shim	plus-square-o	square-plus
shim	question-circle-o	circle-question
shim	ra	rebel
shim	reddit-square	square-reddit
shim	refresh	arrows-rotate
shim	remove	xmark
shim	reorder	bars
shim	repeat	arrow-rotate-right
shim	resistance	rebel
shim	rmb	yen-sign
shim	rotate-left	arrow-rotate-left
shim	rotate-right	arrow-rotate-right
shim	rouble	ruble-sign
shim	rub	ruble-sign
shim	ruble	ruble-sign
shim	rupee	indian-rupee-sign
shim	s15	bath
shim	save	floppy-disk
shim	send	paper-plane
shim	send-o	paper-plane
shim	share-square-o	share-from-square
shim	shekel	shekel-sign
shim	sheqel	shekel-sign
shim	sign-in	right-to-bracket
shim	sign-out	right-from-bracket
shim	signing	hands
shim	smile-o	face-smile
shim	snapchat-ghost	snapchat
shim	snapchat-square	square-snapchat
shim	soccer-ball-o	futbol
shim	sort-alpha-asc	arrow-down-a-z
shim	sort-alpha-desc	arrow-down-z-a
shim	sort-amount-asc	arrow-down-short-wide
shim	sort-amount-desc	arrow-down-wide-short
shim	sort-asc	sort-up
shim	sort-desc	sort-down
shim	sort-numeric-asc	arrow-down-1-9
shim	sort-numeric-desc	arrow-down-9-1
shim	star-half-empty	star-half-stroke
shim	star-half-full	star-half-stroke
shim	star-half-o	star-half-stroke
shim	steam-square	square-steam
shim	sticky-note-o	note-sticky
shim	stop-circle-o	circle-stop
shim	support	life-ring
shim	tablet	tablet-screen-button
shim	tachometer	gauge-high
shim	tasks	bars-progress
shim	television	tv
shim	thermometer	temperature-full
shim	thermometer-0	temperature-empty
shim	thermometer-1	temperature-quarter
shim	thermometer-2	temperature-half
shim	thermometer-3	temperature-three-quarters
shim	thermometer-4	temperature-full
shim	thumb-tack	thumbtack
shim	thumbs-o-down	thumbs-down
shim	thumbs-o-up	thumbs-up
shim	times-circle-o	circle-xmark
shim	times-rectangle	rectangle-xmark
shim	times-rectangle-o	rectangle-xmark
shim	toggle-down	square-caret-down
shim	toggle-left	square-caret-left
shim	toggle-right	square-caret-right
shim	toggle-up	square-caret-up
shim	transgender	mars-and-venus
shim	transgender-alt	transgender
shim	trash	trash-can
shim	trash-o	trash-can
shim	try	turkish-lira-sign
shim	tumblr-square	square-tumblr
shim	turkish-lira	turkish-lira-sign
shim	twitter-square	square-twitter
shim	unlink	link-slash
shim	unlock-alt	unlock
shim	unsorted	sort
shim	usd	dollar-sign
shim	user-circle-o	circle-user
shim	vcard	address-card
shim	vcard-o	address-card
shim	viadeo-square	square-viadeo
shim	video-camera	video
shim	vimeo	vimeo-v
shim	vimeo-square	square-vimeo
shim	volume-control-phone	phone-volume
shim	warning	triangle-exclamation
shim	wechat	weixin
shim	wheelchair-alt	accessible-icon
shim	window-close-o	rectangle-xmark
shim	won	won-sign
shim	xing-square	square-xing
shim	y-combinator-square	hacker-news
shim	yc	y-combinator
shim	yc-square	hacker-news
shim	yen	yen-sign
shim	youtube-play	youtube
shim	youtube-square	square-youtube
