alipay	f064
amazon	f000
amazon-pay	f072
amazon-pay-alt	f073
american-express	f001
american-express-alt	f002
apple-pay	f04c
atm	f003
bancontact-mister-cash	f050
bank-transfer	f005
bankomat	f004
bitcoin	f006
bitcoin-sign	f007
bitpay	f061
bpay	f06b
braintree	f008
btc	f009
card	f00a
carta-si	f00b
cash	f00c
cash-on-delivery	f00d
cash-on-pickup	f053
cashcloud	f05e
cb	f00e
cirrus	f00f
cirrus-alt	f010
clickandbuy	f011
contactless	f06c
contactless-alt	f06d
credit-card	f012
dankort	f04f
diners	f013
diners-alt	f065
direct-debit	f069
discover	f014
ec	f015
elo	f055
elo-alt	f056
eps	f016
eth	f06e
eur	f017
facture	f018
fattura	f019
flattr	f01a
gbp	f01e
giropay	f01b
google-wallet	f01c
google-wallet-alt	f01d
gpb	f01e
gratipay	f01f
gratipay-sign	f05c
hipercard	f066
ideal	f020
ils	f021
inr	f022
interac	f04d
interac-alt	f05f
invoice	f023
invoice-sign	f024
invoice-sign-alt	f025
invoice-sign-alt-o	f026
invoice-sign-o	f027
jcb	f028
jpy	f029
klarna	f060
krw	f02a
ltc	f06f
maestro	f02b
maestro-alt	f02c
mastercard	f02d
mastercard-alt	f02e
mastercard-securecode	f02f
mercado-pago	f058
mercado-pago-sign	f059
moip	f051
multibanco	f05b
ogone	f030
pagseguro	f052
paybox	f031
paylife	f032
paymill	f04e
paypal	f033
paypal-alt	f034
paysafecard	f035
payshop	f05a
payu	f057
postepay	f036
quick	f037
rechnung	f038
ripple	f039
rub	f03a
sage	f054
sepa	f04a
sepa-alt	f04b
shopify	f068
six	f05d
skrill	f03b
skrill-alt	f067
sodexo	f06a
sofort	f03c
square	f03d
stripe	f03e
truste	f03f
try	f040
unionpay	f041
usd	f042
venmo	f062
verified-by-visa	f043
verisign	f044
visa	f045
visa-debit	f063
visa-electron	f046
visa-pay	f070
wechat-pay	f071
western-union	f047
western-union-alt	f048
wirecard	f049
